,Start,End
0,2018-03-06 22:35:08.551953,2018-03-06 22:35:10.382520
1,2018-03-06 22:35:11.380143,2018-03-06 22:35:12.713113
2,2018-03-06 22:35:14.886221,2018-03-06 22:35:19.380397
3,2018-03-06 22:35:21.716195,2018-03-06 22:35:24.047661
4,2018-03-06 22:35:24.212403,2018-03-06 22:35:24.541890
5,2018-03-06 22:35:24.707219,2018-03-06 22:35:25.707831
6,2018-03-06 22:35:26.041023,2018-03-06 22:35:26.874404
7,2018-03-06 22:35:28.044869,2018-03-06 22:35:28.373586
8,2018-03-06 22:35:29.214946,2018-03-06 22:35:30.872028
9,2018-03-06 22:35:31.546661,2018-03-06 22:35:34.045178
